{
	"class_name" : "PinholeCameraParameters",
	"extrinsic" : 
	[
		-0.34119829748150915,
		-0.14990304558700587,
		0.92796163644811291,
		0.0,
		0.035574156179580749,
		-0.98855433272493065,
		-0.14661108642554363,
		0.0,
		0.9393179446853076,
		-0.017012000896645375,
		0.34262572964922255,
		0.0,
		17.585817531158281,
		0.58121173723132358,
		56.152713063888278,
		1.0
	],
	"intrinsic" : 
	{
		"height" : 650,
		"intrinsic_matrix" : 
		[
			562.9165124598851,
			0.0,
			0.0,
			0.0,
			562.9165124598851,
			0.0,
			324.5,
			324.5,
			1.0
		],
		"width" : 650
	},
	"version_major" : 1,
	"version_minor" : 0
}