{
	"class_name" : "PinholeCameraParameters",
	"extrinsic" : 
	[
		0.9997782815271955,
		0.00074572387315024612,
		0.021043566295498875,
		0.0,
		0.0013764543742261835,
		-0.99954972921447804,
		-0.029974058794552391,
		0.0,
		0.021011738621154512,
		0.029996378500889466,
		-0.99932913702991155,
		0.0,
		-1.5882093952281879,
		1.1391059956042064,
		0.63226035824290616,
		1.0
	],
	"intrinsic" : 
	{
		"height" : 650,
		"intrinsic_matrix" : 
		[
			562.9165124598851,
			0.0,
			0.0,
			0.0,
			562.9165124598851,
			0.0,
			324.5,
			324.5,
			1.0
		],
		"width" : 650
	},
	"version_major" : 1,
	"version_minor" : 0
}