{
	"class_name" : "PinholeCameraParameters",
	"extrinsic" : 
	[
		0.99992703588222565,
		0.0013407548103908321,
		0.012005219211866969,
		0.0,
		0.0012326191605210506,
		-0.99995864708014592,
		0.0090102596882394581,
		0.0,
		0.012016803310018948,
		-0.0089948043993635842,
		-0.99988733861971946,
		0.0,
		-1.7505965901208187,
		0.43516028514326993,
		45.146452567048549,
		1.0
	],
	"intrinsic" : 
	{
		"height" : 650,
		"intrinsic_matrix" : 
		[
			562.9165124598851,
			0.0,
			0.0,
			0.0,
			562.9165124598851,
			0.0,
			324.5,
			324.5,
			1.0
		],
		"width" : 650
	},
	"version_major" : 1,
	"version_minor" : 0
}